{"Ray's in the City": {"broiled": 0.69413199999999997, "seafood": 0.69413199999999997, "platter": 0.69413199999999997, "salmon": 0.68349599999999999}, "Craft Izakaya": {"tuna": 0.61726400000000003, "spicy": 0.61726400000000003, "crispy": 0.61726400000000003, "chicken": 0.20336599999999999, "beef": 0.20336599999999999}, "The Cowfish Sushi Burger Bar": {"sweet": 0.65319099999999997, "fries": 0.65319099999999997, "potato": 0.65319099999999997}, "The One Sushi +": {"sushi": 0.40495900000000001, "yellowtail": 0.32872200000000001, "sampler": 0.40495900000000001}, "Miso Izakaya": {"tobiko": 0.27405099999999999, "karaage": 0.227239, "beef": 0.89030799999999999, "wasabi": 0.27405099999999999, "chicken": 0.227239, "noodles": 0.38853199999999999, "teriyaki": 0.89030799999999999, "asahi": -0.339723}, "Chops": {"butter": 0.41427900000000001, "pepper": 0.80008400000000002, "salad": 0.34634399999999999, "ice": 0.35534700000000002, "chocolate": -0.54337199999999997, "cobb": 0.34634399999999999, "cake": -0.54337199999999997, "truffle": 0.41427900000000001, "white": 0.41427900000000001, "steak": 0.573214, "cream": 0.35534700000000002}, "O-Ku Sushi": {"otoro": 0.35402400000000001, "truffle": 0.34967999999999999, "the": -0.45479900000000001, "tartare": 0.35402400000000001, "roll": 0.461289}, "South City Kitchen Buckhead": {"smoked": 0.52885599999999999, "salad": 0.52885599999999999, "frites": 0.42617500000000003, "geechee": -0.48736099999999999, "stew": -0.48736099999999999, "chicken": 0.52885599999999999, "steak": 0.42617500000000003}, "Steel Restaurant & Lounge": {"cauliflower": 0.47459099999999999, "roasted": 0.47459099999999999}, "Nakato Japanese Restaurant": {"amber": 0.69946600000000003, "steamed": -0.237341, "seafood": 0.27335100000000001, "hibachi": 0.73712500000000003, "salmon": 0.50148499999999996, "udon": 0.85945700000000003, "soup": 0.85945700000000003, "jack": 0.69946600000000003, "skin": 0.50148499999999996, "chicken": 0.73712500000000003, "rice": -0.237341, "roll": 0.38741799999999998}, "Voya Bistro": {"lemonade": 0.74720900000000001, "salmon": 0.37100300000000003, "roll": 0.37100300000000003}, "Sushi-Huku Japanese Restaurant": {"and": 0.29535600000000001, "shell": 0.700318, "plum": 0.86524599999999996, "hand": 0.41016599999999998, "spicy": 0.41016599999999998, "crab": 0.700318, "tuna": 0.41016599999999998, "fried": 0.700318, "soft": 0.700318, "roll": 0.41016599999999998, "wine": 0.86524599999999996}, "UMI": {"tea": 0.60262099999999996, "sushi": 0.31981600000000004, "seaweed": 0.257712, "sea": 0.44607200000000002, "kobe": 0.28420400000000001, "crispy": 0.25593100000000002, "nigiri": 0.68247199999999997, "beef": 0.31871550000000004, "avocado": 0.46874900000000003, "sashimi": 0.55105599999999999, "house": 0.39108199999999999, "new": 0.51914400000000005, "rice": 0.25593199999999999, "roll": 0.44083066666666665, "edamame": 0.30947400000000003, "spicy": 0.25593100000000002, "bass": 0.44607200000000002, "tempura": 0.49279366666666674, "omakase": 0.728132, "salmon": 0.51609149999999993, "wasabi": 0.483151, "otoro": -0.38253900000000002, "tuna": 0.25593100000000002, "chilean": 0.44607200000000002, "soba": -0.31070199999999998, "salad": 0.37251433333333334, "shrimp": 0.49279366666666674, "green": 0.60262099999999996, "rock": 0.57240100000000005, "fresh": 0.483151}, "Park Tavern": {"grilled": 0.50761400000000001, "cheese": 0.50761400000000001, "the": 0.50761400000000001, "southern": 0.50761400000000001}, "Thrive": {"turkey": 0.38166699999999998, "pink": -0.36636800000000003, "club": 0.38166699999999998, "crab": 0.52610999999999997, "chicken": 0.62813050000000004, "teriyaki": 0.45147500000000002}, "South City Kitchen Midtown": {"lamb": 0.56539899999999998, "cheese": 0.63053000000000003, "hanger": 0.28368399999999999, "greens": 0.37526300000000001, "benedict": -0.73223000000000005, "eggs": -0.73223000000000005, "duck": 0.61414299999999999, "confit": 0.61414299999999999, "burger": 0.77321300000000004, "collard": 0.37526300000000001, "steak": 0.28190150000000003, "green": -0.41647899999999999, "pimento": 0.63053000000000003, "fried": -0.41647899999999999, "tomatoes": -0.41647899999999999}, "McCormick & Schmick's Seafood - Atlanta": {"and": 0.28444933333333333, "cheese": 0.36986000000000002, "cakes": 0.73461399999999999, "steamed": -0.44765700000000003, "saut\u00e9ed": 0.36994300000000002, "trio": 0.20491500000000001, "lobster": -0.68429499999999999, "sea": 0.42520999999999998, "chicken": 0.675952, "calamari": 0.43566500000000002, "miso": 0.35035100000000002, "cream": -0.34158300000000003, "rainbow": 0.90659999999999996, "spinach": 0.36994300000000002, "vegetables": -0.41948600000000003, "ice": -0.34158300000000003, "merlot": 0.93094200000000005, "beer": -0.60167000000000004, "crab": 0.73461399999999999, "mussels": -0.44765700000000003, "albacore": -0.41601700000000003, "chopped": 0.76985000000000003, "shell": 0.58233599999999996, "grits": 0.72998200000000002, "cheesecake": 0.31979800000000003, "salmon": 0.72895799999999999, "water": -0.77415699999999998, "grilled": -0.62092800000000004, "mac": 0.36986000000000002, "half": 0.58233599999999996, "bass": 0.42520999999999998, "tuna": 0.18058499999999997, "king": -0.501166, "salad": 0.028894666666666662, "chardonnay": 0.47784300000000002, "asparagus": 0.225494, "items": -0.55717700000000003, "seafood": 0.20491500000000001, "side": -0.55717700000000003, "shrimp": 0.61265150000000002, "soup": 0.47033799999999998, "green": -0.34158300000000003, "potatoes": 0.33891500000000002, "mixed": -0.34158300000000003, "the": 0.58233599999999996, "oysters": 0.52387450000000002, "vanilla": -0.34158300000000003, "wine": -0.60167000000000004}, "Doraku Sushi Buckhead": {"carpaccio": 0.28115899999999999, "salmon": 0.53281199999999995, "roll": 0.50567899999999999, "hamachi": 0.28115899999999999, "fresh": 0.56648500000000002}, "Wagaya Japanese Restaurant": {"box": 0.249474, "pork": 0.55162599999999995, "sushi": 0.80623400000000001, "don": 0.59726900000000005, "crunchy": 0.36291499999999999, "tofu": 0.20557, "chirashi": 0.59726900000000005, "agedashi": 0.20557, "shishitou": -0.46643200000000001, "tuna": 0.50431700000000002, "deluxe": 0.80623400000000001, "white": 0.50431700000000002, "gyoza": 0.51888299999999998}, "Bua Thai & Sushi": {"basil": 0.72231100000000004, "fresh": 0.72231100000000004, "curry": 0.25840000000000002, "rolls": 0.72231100000000004}, "Harry & Sons": {"duck": 0.88767300000000005, "rainbow": 0.82745599999999997, "sushi": 0.60992500000000005, "super": 0.48198000000000002, "scallop": -0.26710899999999999, "roll": 0.71229733333333334, "curry": 0.88767300000000005, "crunchy": 0.48198000000000002, "avocado": 0.452212, "rolls": 0.28193800000000002, "lunch": 0.57516100000000003, "ikura": -0.51572700000000005, "pad": 0.84790399999999999, "volcano": 0.82745599999999997, "basil": 0.28193800000000002, "quail": -0.51572700000000005, "thai": 0.84823400000000004, "california": 0.43848300000000001, "with": -0.51572700000000005, "egg": -0.51572700000000005, "soup": 0.51451899999999995}, "Thaicoon & Sushi Bar": {"crunch": 0.62780199999999997, "super": 0.62780199999999997, "roll": 0.62780199999999997}, "Orient Express": {"drop": -0.40683799999999998, "hibachi": 0.61704700000000001, "ginger": 0.47039199999999998, "sesame": 0.39980100000000002, "soup": -0.40683799999999998, "chicken": 0.44686166666666666, "egg": -0.40683799999999998}, "American Cut": {"bagel": 0.62389799999999995}, "Benihana - Atlanta - Buckhead": {"rice": -0.492095, "spicy": -0.69542700000000002, "steak": -0.69542700000000002, "sangria": 0.82890799999999998, "tofu": -0.69542700000000002}, "Eight Sushi Lounge": {"tobiko": 0.24068100000000001, "kama": 0.26319399999999998, "spicy": 0.36581599999999997, "sake": 0.81789000000000001, "crispy": 0.83230899999999997, "toro": 0.81789000000000001, "sashimi": 0.66459999999999997, "bagel": 0.318689, "lunch": 0.68105499999999997, "cucumber": 0.480821, "tonkatsu": 0.56670699999999996, "shrimp": 0.214062, "calamari": 0.83230899999999997,